"Country","Indicator","Gender","Year","Value"
"Kiribati","LifeExpectancy","Female",1950,47.0033
"Kiribati","LifeExpectancy","Female",1951,47.0827
"Kiribati","LifeExpectancy","Female",1952,47.1615
"Kiribati","LifeExpectancy","Female",1953,47.2531
"Kiribati","LifeExpectancy","Female",1954,47.3526
"Kiribati","LifeExpectancy","Female",1955,47.5126
"Kiribati","LifeExpectancy","Female",1956,47.736
"Kiribati","LifeExpectancy","Female",1957,48.0266
"Kiribati","LifeExpectancy","Female",1958,48.3647
"Kiribati","LifeExpectancy","Female",1959,48.754
"Kiribati","LifeExpectancy","Female",1960,49.233
"Kiribati","LifeExpectancy","Female",1961,49.7584
"Kiribati","LifeExpectancy","Female",1962,50.3498
"Kiribati","LifeExpectancy","Female",1963,51.0054
"Kiribati","LifeExpectancy","Female",1964,51.6949
"Kiribati","LifeExpectancy","Female",1965,52.4042
"Kiribati","LifeExpectancy","Female",1966,53.1572
"Kiribati","LifeExpectancy","Female",1967,53.9073
"Kiribati","LifeExpectancy","Female",1968,54.6135
"Kiribati","LifeExpectancy","Female",1969,55.293
"Kiribati","LifeExpectancy","Female",1970,55.9663
"Kiribati","LifeExpectancy","Female",1971,56.561
"Kiribati","LifeExpectancy","Female",1972,56.9357
"Kiribati","LifeExpectancy","Female",1973,57.4684
"Kiribati","LifeExpectancy","Female",1974,57.776
"Kiribati","LifeExpectancy","Female",1975,58.0102
"Kiribati","LifeExpectancy","Female",1976,58.1856
"Kiribati","LifeExpectancy","Female",1977,57.5545
"Kiribati","LifeExpectancy","Female",1978,58.455
"Kiribati","LifeExpectancy","Female",1979,58.633
"Kiribati","LifeExpectancy","Female",1980,58.8407
"Kiribati","LifeExpectancy","Female",1981,59.0481
"Kiribati","LifeExpectancy","Female",1982,59.2635
"Kiribati","LifeExpectancy","Female",1983,59.5332
"Kiribati","LifeExpectancy","Female",1984,59.8066
"Kiribati","LifeExpectancy","Female",1985,60.1426
"Kiribati","LifeExpectancy","Female",1986,60.5527
"Kiribati","LifeExpectancy","Female",1987,60.9973
"Kiribati","LifeExpectancy","Female",1988,61.4973
"Kiribati","LifeExpectancy","Female",1989,62.0074
"Kiribati","LifeExpectancy","Female",1990,62.5088
"Kiribati","LifeExpectancy","Female",1991,63.0486
"Kiribati","LifeExpectancy","Female",1992,63.5362
"Kiribati","LifeExpectancy","Female",1993,63.9525
"Kiribati","LifeExpectancy","Female",1994,64.3271
"Kiribati","LifeExpectancy","Female",1995,64.6355
"Kiribati","LifeExpectancy","Female",1996,64.9141
"Kiribati","LifeExpectancy","Female",1997,65.2057
"Kiribati","LifeExpectancy","Female",1998,65.4886
"Kiribati","LifeExpectancy","Female",1999,65.7922
"Kiribati","LifeExpectancy","Female",2000,66.0653
"Kiribati","LifeExpectancy","Female",2001,66.2996
"Kiribati","LifeExpectancy","Female",2002,66.4761
"Kiribati","LifeExpectancy","Female",2003,66.5861
"Kiribati","LifeExpectancy","Female",2004,66.6209
"Kiribati","LifeExpectancy","Female",2005,66.597
"Kiribati","LifeExpectancy","Female",2006,66.5266
"Kiribati","LifeExpectancy","Female",2007,66.4681
"Kiribati","LifeExpectancy","Female",2008,66.4514
"Kiribati","LifeExpectancy","Female",2009,66.5168
"Kiribati","LifeExpectancy","Female",2010,66.6248
"Kiribati","LifeExpectancy","Female",2011,66.793
"Kiribati","LifeExpectancy","Female",2012,66.9657
"Kiribati","LifeExpectancy","Female",2013,67.1701
"Kiribati","LifeExpectancy","Female",2014,67.3872
"Kiribati","LifeExpectancy","Female",2015,67.6262
"Kiribati","LifeExpectancy","Female",2016,67.9378
"Kiribati","LifeExpectancy","Female",2017,68.2427
"Kiribati","LifeExpectancy","Female",2018,68.5207
"Kiribati","LifeExpectancy","Female",2019,68.782
"Kiribati","LifeExpectancy","Female",2020,68.9478
"Kiribati","LifeExpectancy","Female",2021,69.0959
"Kiribati","LifeExpectancy","Female",2022,69.3859
"Kiribati","LifeExpectancy","Female",2023,69.5879
"Kiribati","LifeExpectancy","Male",1950,44.3568
"Kiribati","LifeExpectancy","Male",1951,44.437
"Kiribati","LifeExpectancy","Male",1952,44.5202
"Kiribati","LifeExpectancy","Male",1953,44.6144
"Kiribati","LifeExpectancy","Male",1954,44.721
"Kiribati","LifeExpectancy","Male",1955,44.8695
"Kiribati","LifeExpectancy","Male",1956,45.0826
"Kiribati","LifeExpectancy","Male",1957,45.3449
"Kiribati","LifeExpectancy","Male",1958,45.6687
"Kiribati","LifeExpectancy","Male",1959,46.0627
"Kiribati","LifeExpectancy","Male",1960,46.5111
"Kiribati","LifeExpectancy","Male",1961,47.0014
"Kiribati","LifeExpectancy","Male",1962,47.5667
"Kiribati","LifeExpectancy","Male",1963,48.2361
"Kiribati","LifeExpectancy","Male",1964,48.9436
"Kiribati","LifeExpectancy","Male",1965,49.6624
"Kiribati","LifeExpectancy","Male",1966,50.3909
"Kiribati","LifeExpectancy","Male",1967,51.1323
"Kiribati","LifeExpectancy","Male",1968,51.8258
"Kiribati","LifeExpectancy","Male",1969,52.4705
"Kiribati","LifeExpectancy","Male",1970,53.084
"Kiribati","LifeExpectancy","Male",1971,53.6189
"Kiribati","LifeExpectancy","Male",1972,53.9939
"Kiribati","LifeExpectancy","Male",1973,54.4437
"Kiribati","LifeExpectancy","Male",1974,54.72
"Kiribati","LifeExpectancy","Male",1975,54.9004
"Kiribati","LifeExpectancy","Male",1976,55.0416
"Kiribati","LifeExpectancy","Male",1977,54.483
"Kiribati","LifeExpectancy","Male",1978,55.3352
"Kiribati","LifeExpectancy","Male",1979,55.5
"Kiribati","LifeExpectancy","Male",1980,55.7008
"Kiribati","LifeExpectancy","Male",1981,55.9088
"Kiribati","LifeExpectancy","Male",1982,56.137
"Kiribati","LifeExpectancy","Male",1983,56.3985
"Kiribati","LifeExpectancy","Male",1984,56.6856
"Kiribati","LifeExpectancy","Male",1985,56.9981
"Kiribati","LifeExpectancy","Male",1986,57.348
"Kiribati","LifeExpectancy","Male",1987,57.7861
"Kiribati","LifeExpectancy","Male",1988,58.2688
"Kiribati","LifeExpectancy","Male",1989,58.7635
"Kiribati","LifeExpectancy","Male",1990,59.2775
"Kiribati","LifeExpectancy","Male",1991,59.7433
"Kiribati","LifeExpectancy","Male",1992,60.195
"Kiribati","LifeExpectancy","Male",1993,60.6288
"Kiribati","LifeExpectancy","Male",1994,61.0023
"Kiribati","LifeExpectancy","Male",1995,61.3219
"Kiribati","LifeExpectancy","Male",1996,61.5951
"Kiribati","LifeExpectancy","Male",1997,61.8576
"Kiribati","LifeExpectancy","Male",1998,62.1201
"Kiribati","LifeExpectancy","Male",1999,62.3686
"Kiribati","LifeExpectancy","Male",2000,62.6294
"Kiribati","LifeExpectancy","Male",2001,62.8789
"Kiribati","LifeExpectancy","Male",2002,63.0571
"Kiribati","LifeExpectancy","Male",2003,63.1728
"Kiribati","LifeExpectancy","Male",2004,63.2085
"Kiribati","LifeExpectancy","Male",2005,63.1866
"Kiribati","LifeExpectancy","Male",2006,63.1288
"Kiribati","LifeExpectancy","Male",2007,63.0641
"Kiribati","LifeExpectancy","Male",2008,63.0587
"Kiribati","LifeExpectancy","Male",2009,63.1085
"Kiribati","LifeExpectancy","Male",2010,63.2426
"Kiribati","LifeExpectancy","Male",2011,63.4134
"Kiribati","LifeExpectancy","Male",2012,63.6074
"Kiribati","LifeExpectancy","Male",2013,63.8163
"Kiribati","LifeExpectancy","Male",2014,64.0439
"Kiribati","LifeExpectancy","Male",2015,64.2848
"Kiribati","LifeExpectancy","Male",2016,64.5142
"Kiribati","LifeExpectancy","Male",2017,64.7353
"Kiribati","LifeExpectancy","Male",2018,64.9698
"Kiribati","LifeExpectancy","Male",2019,65.2948
"Kiribati","LifeExpectancy","Male",2020,65.3484
"Kiribati","LifeExpectancy","Male",2021,65.504
"Kiribati","LifeExpectancy","Male",2022,65.7315
"Kiribati","LifeExpectancy","Male",2023,65.883
"Kiribati","PopulationGrowthRate","Female",2000,1.73335349456364
"Kiribati","PopulationGrowthRate","Female",2020,1.37596722481413
"Kiribati","PopulationGrowthRate","Male",2000,1.62892223793813
"Kiribati","PopulationGrowthRate","Male",2020,1.57584588123087
"Kiribati","Population(1k)","Female",1950,19.498
"Kiribati","Population(1k)","Female",1951,19.866
"Kiribati","Population(1k)","Female",1952,20.244
"Kiribati","Population(1k)","Female",1953,20.634
"Kiribati","Population(1k)","Female",1954,21.044
"Kiribati","Population(1k)","Female",1955,21.469
"Kiribati","Population(1k)","Female",1956,21.913
"Kiribati","Population(1k)","Female",1957,22.375
"Kiribati","Population(1k)","Female",1958,22.855
"Kiribati","Population(1k)","Female",1959,23.361
"Kiribati","Population(1k)","Female",1960,23.897
"Kiribati","Population(1k)","Female",1961,24.463
"Kiribati","Population(1k)","Female",1962,25.055
"Kiribati","Population(1k)","Female",1963,25.665
"Kiribati","Population(1k)","Female",1964,26.296
"Kiribati","Population(1k)","Female",1965,26.95
"Kiribati","Population(1k)","Female",1966,27.432
"Kiribati","Population(1k)","Female",1967,27.715
"Kiribati","Population(1k)","Female",1968,27.974
"Kiribati","Population(1k)","Female",1969,28.398
"Kiribati","Population(1k)","Female",1970,28.991
"Kiribati","Population(1k)","Female",1971,29.578
"Kiribati","Population(1k)","Female",1972,30.155
"Kiribati","Population(1k)","Female",1973,30.695
"Kiribati","Population(1k)","Female",1974,30.869
"Kiribati","Population(1k)","Female",1975,30.683
"Kiribati","Population(1k)","Female",1976,30.453
"Kiribati","Population(1k)","Female",1977,30.198
"Kiribati","Population(1k)","Female",1978,29.942
"Kiribati","Population(1k)","Female",1979,30.081
"Kiribati","Population(1k)","Female",1980,30.61
"Kiribati","Population(1k)","Female",1981,31.157
"Kiribati","Population(1k)","Female",1982,31.727
"Kiribati","Population(1k)","Female",1983,32.317
"Kiribati","Population(1k)","Female",1984,32.939
"Kiribati","Population(1k)","Female",1985,33.628
"Kiribati","Population(1k)","Female",1986,34.421
"Kiribati","Population(1k)","Female",1987,35.292
"Kiribati","Population(1k)","Female",1988,36.19
"Kiribati","Population(1k)","Female",1989,37.105
"Kiribati","Population(1k)","Female",1990,38.013
"Kiribati","Population(1k)","Female",1991,38.797
"Kiribati","Population(1k)","Female",1992,39.44
"Kiribati","Population(1k)","Female",1993,40.036
"Kiribati","Population(1k)","Female",1994,40.626
"Kiribati","Population(1k)","Female",1995,41.236
"Kiribati","Population(1k)","Female",1996,41.941
"Kiribati","Population(1k)","Female",1997,42.736
"Kiribati","Population(1k)","Female",1998,43.538
"Kiribati","Population(1k)","Female",1999,44.337
"Kiribati","Population(1k)","Female",2000,45.145
"Kiribati","Population(1k)","Female",2001,46.058
"Kiribati","Population(1k)","Female",2002,47.053
"Kiribati","Population(1k)","Female",2003,48.026
"Kiribati","Population(1k)","Female",2004,49.015
"Kiribati","Population(1k)","Female",2005,50.037
"Kiribati","Population(1k)","Female",2006,51.046
"Kiribati","Population(1k)","Female",2007,52.031
"Kiribati","Population(1k)","Female",2008,53.046
"Kiribati","Population(1k)","Female",2009,54.099
"Kiribati","Population(1k)","Female",2010,55.156
"Kiribati","Population(1k)","Female",2011,56.161
"Kiribati","Population(1k)","Female",2012,57.103
"Kiribati","Population(1k)","Female",2013,58.026
"Kiribati","Population(1k)","Female",2014,58.943
"Kiribati","Population(1k)","Female",2015,59.873
"Kiribati","Population(1k)","Female",2016,60.836
"Kiribati","Population(1k)","Female",2017,61.819
"Kiribati","Population(1k)","Female",2018,62.82
"Kiribati","Population(1k)","Female",2019,63.851
"Kiribati","Population(1k)","Female",2020,64.968
"Kiribati","Population(1k)","Female",2021,66.15
"Kiribati","Population(1k)","Female",2022,67.289
"Kiribati","Population(1k)","Female",2023,68.371
"Kiribati","Population(1k)","Male",1950,18.348
"Kiribati","Population(1k)","Male",1951,18.756
"Kiribati","Population(1k)","Male",1952,19.176
"Kiribati","Population(1k)","Male",1953,19.616
"Kiribati","Population(1k)","Male",1954,20.069
"Kiribati","Population(1k)","Male",1955,20.539
"Kiribati","Population(1k)","Male",1956,21.027
"Kiribati","Population(1k)","Male",1957,21.532
"Kiribati","Population(1k)","Male",1958,22.058
"Kiribati","Population(1k)","Male",1959,22.611
"Kiribati","Population(1k)","Male",1960,23.195
"Kiribati","Population(1k)","Male",1961,23.811
"Kiribati","Population(1k)","Male",1962,24.453
"Kiribati","Population(1k)","Male",1963,25.115
"Kiribati","Population(1k)","Male",1964,25.796
"Kiribati","Population(1k)","Male",1965,26.494
"Kiribati","Population(1k)","Male",1966,26.996
"Kiribati","Population(1k)","Male",1967,27.276
"Kiribati","Population(1k)","Male",1968,27.537
"Kiribati","Population(1k)","Male",1969,27.926
"Kiribati","Population(1k)","Male",1970,28.445
"Kiribati","Population(1k)","Male",1971,28.956
"Kiribati","Population(1k)","Male",1972,29.451
"Kiribati","Population(1k)","Male",1973,29.903
"Kiribati","Population(1k)","Male",1974,30.084
"Kiribati","Population(1k)","Male",1975,29.992
"Kiribati","Population(1k)","Male",1976,29.858
"Kiribati","Population(1k)","Male",1977,29.696
"Kiribati","Population(1k)","Male",1978,29.523
"Kiribati","Population(1k)","Male",1979,29.694
"Kiribati","Population(1k)","Male",1980,30.203
"Kiribati","Population(1k)","Male",1981,30.718
"Kiribati","Population(1k)","Male",1982,31.25
"Kiribati","Population(1k)","Male",1983,31.805
"Kiribati","Population(1k)","Male",1984,32.398
"Kiribati","Population(1k)","Male",1985,33.08
"Kiribati","Population(1k)","Male",1986,33.845
"Kiribati","Population(1k)","Male",1987,34.654
"Kiribati","Population(1k)","Male",1988,35.49
"Kiribati","Population(1k)","Male",1989,36.332
"Kiribati","Population(1k)","Male",1990,37.111
"Kiribati","Population(1k)","Male",1991,37.815
"Kiribati","Population(1k)","Male",1992,38.462
"Kiribati","Population(1k)","Male",1993,39.056
"Kiribati","Population(1k)","Male",1994,39.639
"Kiribati","Population(1k)","Male",1995,40.245
"Kiribati","Population(1k)","Male",1996,40.891
"Kiribati","Population(1k)","Male",1997,41.572
"Kiribati","Population(1k)","Male",1998,42.267
"Kiribati","Population(1k)","Male",1999,42.953
"Kiribati","Population(1k)","Male",2000,43.68
"Kiribati","Population(1k)","Male",2001,44.473
"Kiribati","Population(1k)","Male",2002,45.346
"Kiribati","Population(1k)","Male",2003,46.275
"Kiribati","Population(1k)","Male",2004,47.209
"Kiribati","Population(1k)","Male",2005,48.127
"Kiribati","Population(1k)","Male",2006,49.037
"Kiribati","Population(1k)","Male",2007,49.967
"Kiribati","Population(1k)","Male",2008,50.92
"Kiribati","Population(1k)","Male",2009,51.896
"Kiribati","Population(1k)","Male",2010,52.84
"Kiribati","Population(1k)","Male",2011,53.709
"Kiribati","Population(1k)","Male",2012,54.514
"Kiribati","Population(1k)","Male",2013,55.285
"Kiribati","Population(1k)","Male",2014,56.042
"Kiribati","Population(1k)","Male",2015,56.833
"Kiribati","Population(1k)","Male",2016,57.677
"Kiribati","Population(1k)","Male",2017,58.544
"Kiribati","Population(1k)","Male",2018,59.441
"Kiribati","Population(1k)","Male",2019,60.39
"Kiribati","Population(1k)","Male",2020,61.495
"Kiribati","Population(1k)","Male",2021,62.724
"Kiribati","Population(1k)","Male",2022,63.943
"Kiribati","Population(1k)","Male",2023,65.144
"Kiribati","NT_ANT_HAZ_AVG: Mean Height-for-age","Female",2018,-0.8
"Kiribati","NT_ANT_HAZ_AVG: Mean Height-for-age","Male",2018,-0.8
"Kiribati","Mean_WeightforHeight","Female",2018,-0.1
"Kiribati","Mean_WeightforHeight","Male",2018,0
"Kiribati","EconomicTime","Female",2019,4
"Kiribati","EconomicTime","Male",2019,3.6
"Marshall Islands","LifeExpectancy","Female",1950,55.3525
"Marshall Islands","LifeExpectancy","Female",1951,55.3779
"Marshall Islands","LifeExpectancy","Female",1952,55.4446
"Marshall Islands","LifeExpectancy","Female",1953,55.5173
"Marshall Islands","LifeExpectancy","Female",1954,55.6278
"Marshall Islands","LifeExpectancy","Female",1955,55.6969
"Marshall Islands","LifeExpectancy","Female",1956,55.8563
"Marshall Islands","LifeExpectancy","Female",1957,56.0296
"Marshall Islands","LifeExpectancy","Female",1958,56.2247
"Marshall Islands","LifeExpectancy","Female",1959,56.4581
"Marshall Islands","LifeExpectancy","Female",1960,57.0997
"Marshall Islands","LifeExpectancy","Female",1961,57.7364
"Marshall Islands","LifeExpectancy","Female",1962,58.4314
"Marshall Islands","LifeExpectancy","Female",1963,59.0586
"Marshall Islands","LifeExpectancy","Female",1964,59.6579
"Marshall Islands","LifeExpectancy","Female",1965,60.2339
"Marshall Islands","LifeExpectancy","Female",1966,60.762
"Marshall Islands","LifeExpectancy","Female",1967,61.2861
"Marshall Islands","LifeExpectancy","Female",1968,61.825
"Marshall Islands","LifeExpectancy","Female",1969,62.2961
"Marshall Islands","LifeExpectancy","Female",1970,62.7623
"Marshall Islands","LifeExpectancy","Female",1971,63.2165
"Marshall Islands","LifeExpectancy","Female",1972,63.5846
"Marshall Islands","LifeExpectancy","Female",1973,63.9702
"Marshall Islands","LifeExpectancy","Female",1974,64.2445
"Marshall Islands","LifeExpectancy","Female",1975,64.5029
"Marshall Islands","LifeExpectancy","Female",1976,64.7551
"Marshall Islands","LifeExpectancy","Female",1977,64.9271
"Marshall Islands","LifeExpectancy","Female",1978,65.0742
"Marshall Islands","LifeExpectancy","Female",1979,65.23
"Marshall Islands","LifeExpectancy","Female",1980,65.4215
"Marshall Islands","LifeExpectancy","Female",1981,65.6113
"Marshall Islands","LifeExpectancy","Female",1982,65.7703
"Marshall Islands","LifeExpectancy","Female",1983,65.9296
"Marshall Islands","LifeExpectancy","Female",1984,66.0526
"Marshall Islands","LifeExpectancy","Female",1985,66.1057
"Marshall Islands","LifeExpectancy","Female",1986,66.0612
"Marshall Islands","LifeExpectancy","Female",1987,65.9523
"Marshall Islands","LifeExpectancy","Female",1988,65.858
"Marshall Islands","LifeExpectancy","Female",1989,65.671
"Marshall Islands","LifeExpectancy","Female",1990,65.4765
"Marshall Islands","LifeExpectancy","Female",1991,65.3827
"Marshall Islands","LifeExpectancy","Female",1992,65.2422
"Marshall Islands","LifeExpectancy","Female",1993,65.0866
"Marshall Islands","LifeExpectancy","Female",1994,65.0643
"Marshall Islands","LifeExpectancy","Female",1995,65.1832
"Marshall Islands","LifeExpectancy","Female",1996,65.3698
"Marshall Islands","LifeExpectancy","Female",1997,65.5167
"Marshall Islands","LifeExpectancy","Female",1998,65.7177
"Marshall Islands","LifeExpectancy","Female",1999,65.9228
"Marshall Islands","LifeExpectancy","Female",2000,65.7204
"Marshall Islands","LifeExpectancy","Female",2001,66.1383
"Marshall Islands","LifeExpectancy","Female",2002,66.2573
"Marshall Islands","LifeExpectancy","Female",2003,66.2568
"Marshall Islands","LifeExpectancy","Female",2004,66.076
"Marshall Islands","LifeExpectancy","Female",2005,65.7609
"Marshall Islands","LifeExpectancy","Female",2006,65.4901
"Marshall Islands","LifeExpectancy","Female",2007,65.2898
"Marshall Islands","LifeExpectancy","Female",2008,65.1241
"Marshall Islands","LifeExpectancy","Female",2009,65.1115
"Marshall Islands","LifeExpectancy","Female",2010,65.119
"Marshall Islands","LifeExpectancy","Female",2011,65.1777
"Marshall Islands","LifeExpectancy","Female",2012,65.2713
"Marshall Islands","LifeExpectancy","Female",2013,65.3603
"Marshall Islands","LifeExpectancy","Female",2014,65.4934
"Marshall Islands","LifeExpectancy","Female",2015,65.7046
"Marshall Islands","LifeExpectancy","Female",2016,65.9056
"Marshall Islands","LifeExpectancy","Female",2017,66.1205
"Marshall Islands","LifeExpectancy","Female",2018,66.3548
"Marshall Islands","LifeExpectancy","Female",2019,66.6076
"Marshall Islands","LifeExpectancy","Female",2020,66.8825
"Marshall Islands","LifeExpectancy","Female",2021,67.1997
"Marshall Islands","LifeExpectancy","Female",2022,67.0924
"Marshall Islands","LifeExpectancy","Female",2023,67.2537
"Marshall Islands","LifeExpectancy","Male",1950,49.3577
"Marshall Islands","LifeExpectancy","Male",1951,49.4175
"Marshall Islands","LifeExpectancy","Male",1952,49.5316
"Marshall Islands","LifeExpectancy","Male",1953,49.6465
"Marshall Islands","LifeExpectancy","Male",1954,49.7696
"Marshall Islands","LifeExpectancy","Male",1955,49.8919
"Marshall Islands","LifeExpectancy","Male",1956,50.0372
"Marshall Islands","LifeExpectancy","Male",1957,50.2036
"Marshall Islands","LifeExpectancy","Male",1958,50.3489
"Marshall Islands","LifeExpectancy","Male",1959,50.5269
"Marshall Islands","LifeExpectancy","Male",1960,51.1143
"Marshall Islands","LifeExpectancy","Male",1961,51.5132
"Marshall Islands","LifeExpectancy","Male",1962,52.0662
"Marshall Islands","LifeExpectancy","Male",1963,52.6233
"Marshall Islands","LifeExpectancy","Male",1964,53.1101
"Marshall Islands","LifeExpectancy","Male",1965,53.581
"Marshall Islands","LifeExpectancy","Male",1966,54.0383
"Marshall Islands","LifeExpectancy","Male",1967,54.4593
"Marshall Islands","LifeExpectancy","Male",1968,54.8725
"Marshall Islands","LifeExpectancy","Male",1969,55.2425
"Marshall Islands","LifeExpectancy","Male",1970,55.6009
"Marshall Islands","LifeExpectancy","Male",1971,55.965
"Marshall Islands","LifeExpectancy","Male",1972,56.2873
"Marshall Islands","LifeExpectancy","Male",1973,56.55
"Marshall Islands","LifeExpectancy","Male",1974,56.7702
"Marshall Islands","LifeExpectancy","Male",1975,56.9498
"Marshall Islands","LifeExpectancy","Male",1976,57.0855
"Marshall Islands","LifeExpectancy","Male",1977,57.2057
"Marshall Islands","LifeExpectancy","Male",1978,57.2796
"Marshall Islands","LifeExpectancy","Male",1979,57.3875
"Marshall Islands","LifeExpectancy","Male",1980,57.4846
"Marshall Islands","LifeExpectancy","Male",1981,57.6274
"Marshall Islands","LifeExpectancy","Male",1982,57.889
"Marshall Islands","LifeExpectancy","Male",1983,58.2348
"Marshall Islands","LifeExpectancy","Male",1984,58.5834
"Marshall Islands","LifeExpectancy","Male",1985,58.8535
"Marshall Islands","LifeExpectancy","Male",1986,58.9806
"Marshall Islands","LifeExpectancy","Male",1987,59.0272
"Marshall Islands","LifeExpectancy","Male",1988,59.1428
"Marshall Islands","LifeExpectancy","Male",1989,59.3339
"Marshall Islands","LifeExpectancy","Male",1990,59.4569
"Marshall Islands","LifeExpectancy","Male",1991,59.7137
"Marshall Islands","LifeExpectancy","Male",1992,60.0018
"Marshall Islands","LifeExpectancy","Male",1993,60.2901
"Marshall Islands","LifeExpectancy","Male",1994,60.4616
"Marshall Islands","LifeExpectancy","Male",1995,60.756
"Marshall Islands","LifeExpectancy","Male",1996,61.0755
"Marshall Islands","LifeExpectancy","Male",1997,61.3066
"Marshall Islands","LifeExpectancy","Male",1998,61.4016
"Marshall Islands","LifeExpectancy","Male",1999,61.454
"Marshall Islands","LifeExpectancy","Male",2000,61.253
"Marshall Islands","LifeExpectancy","Male",2001,61.577
"Marshall Islands","LifeExpectancy","Male",2002,61.6191
"Marshall Islands","LifeExpectancy","Male",2003,61.6631
"Marshall Islands","LifeExpectancy","Male",2004,61.7146
"Marshall Islands","LifeExpectancy","Male",2005,61.765
"Marshall Islands","LifeExpectancy","Male",2006,61.8109
"Marshall Islands","LifeExpectancy","Male",2007,61.7455
"Marshall Islands","LifeExpectancy","Male",2008,61.6643
"Marshall Islands","LifeExpectancy","Male",2009,61.6717
"Marshall Islands","LifeExpectancy","Male",2010,61.668
"Marshall Islands","LifeExpectancy","Male",2011,61.6872
"Marshall Islands","LifeExpectancy","Male",2012,61.8271
"Marshall Islands","LifeExpectancy","Male",2013,61.9244
"Marshall Islands","LifeExpectancy","Male",2014,62.1063
"Marshall Islands","LifeExpectancy","Male",2015,62.307
"Marshall Islands","LifeExpectancy","Male",2016,62.5587
"Marshall Islands","LifeExpectancy","Male",2017,62.7699
"Marshall Islands","LifeExpectancy","Male",2018,62.9964
"Marshall Islands","LifeExpectancy","Male",2019,63.2329
"Marshall Islands","LifeExpectancy","Male",2020,63.4261
"Marshall Islands","LifeExpectancy","Male",2021,63.6922
"Marshall Islands","LifeExpectancy","Male",2022,63.5457
"Marshall Islands","LifeExpectancy","Male",2023,63.6486
"Marshall Islands","PopulationGrowthRate","Female",2000,-1.04120285728806
"Marshall Islands","PopulationGrowthRate","Female",2020,0.340087069724534
"Marshall Islands","PopulationGrowthRate","Male",2000,-1.07570359100913
"Marshall Islands","PopulationGrowthRate","Male",2020,0.206774670290856
"Marshall Islands","Population(1k)","Female",1950,6.327
"Marshall Islands","Population(1k)","Female",1951,6.503
"Marshall Islands","Population(1k)","Female",1952,6.686
"Marshall Islands","Population(1k)","Female",1953,6.875
"Marshall Islands","Population(1k)","Female",1954,6.981
"Marshall Islands","Population(1k)","Female",1955,7.002
"Marshall Islands","Population(1k)","Female",1956,7.019
"Marshall Islands","Population(1k)","Female",1957,7.032
"Marshall Islands","Population(1k)","Female",1958,7.094
"Marshall Islands","Population(1k)","Female",1959,7.266
"Marshall Islands","Population(1k)","Female",1960,7.498
"Marshall Islands","Population(1k)","Female",1961,7.74
"Marshall Islands","Population(1k)","Female",1962,7.999
"Marshall Islands","Population(1k)","Female",1963,8.274
"Marshall Islands","Population(1k)","Female",1964,8.562
"Marshall Islands","Population(1k)","Female",1965,8.864
"Marshall Islands","Population(1k)","Female",1966,9.179
"Marshall Islands","Population(1k)","Female",1967,9.561
"Marshall Islands","Population(1k)","Female",1968,10.078
"Marshall Islands","Population(1k)","Female",1969,10.691
"Marshall Islands","Population(1k)","Female",1970,11.251
"Marshall Islands","Population(1k)","Female",1971,11.655
"Marshall Islands","Population(1k)","Female",1972,11.989
"Marshall Islands","Population(1k)","Female",1973,12.342
"Marshall Islands","Population(1k)","Female",1974,12.737
"Marshall Islands","Population(1k)","Female",1975,13.181
"Marshall Islands","Population(1k)","Female",1976,13.648
"Marshall Islands","Population(1k)","Female",1977,14.127
"Marshall Islands","Population(1k)","Female",1978,14.624
"Marshall Islands","Population(1k)","Female",1979,15.134
"Marshall Islands","Population(1k)","Female",1980,15.675
"Marshall Islands","Population(1k)","Female",1981,16.274
"Marshall Islands","Population(1k)","Female",1982,16.921
"Marshall Islands","Population(1k)","Female",1983,17.596
"Marshall Islands","Population(1k)","Female",1984,18.297
"Marshall Islands","Population(1k)","Female",1985,19.026
"Marshall Islands","Population(1k)","Female",1986,19.775
"Marshall Islands","Population(1k)","Female",1987,20.541
"Marshall Islands","Population(1k)","Female",1988,21.293
"Marshall Islands","Population(1k)","Female",1989,21.925
"Marshall Islands","Population(1k)","Female",1990,22.445
"Marshall Islands","Population(1k)","Female",1991,22.939
"Marshall Islands","Population(1k)","Female",1992,23.409
"Marshall Islands","Population(1k)","Female",1993,23.86
"Marshall Islands","Population(1k)","Female",1994,24.291
"Marshall Islands","Population(1k)","Female",1995,24.706
"Marshall Islands","Population(1k)","Female",1996,25.109
"Marshall Islands","Population(1k)","Female",1997,25.504
"Marshall Islands","Population(1k)","Female",1998,25.892
"Marshall Islands","Population(1k)","Female",1999,26.216
"Marshall Islands","Population(1k)","Female",2000,26.41
"Marshall Islands","Population(1k)","Female",2001,26.508
"Marshall Islands","Population(1k)","Female",2002,26.552
"Marshall Islands","Population(1k)","Female",2003,26.555
"Marshall Islands","Population(1k)","Female",2004,26.534
"Marshall Islands","Population(1k)","Female",2005,26.494
"Marshall Islands","Population(1k)","Female",2006,26.439
"Marshall Islands","Population(1k)","Female",2007,26.36
"Marshall Islands","Population(1k)","Female",2008,26.261
"Marshall Islands","Population(1k)","Female",2009,26.162
"Marshall Islands","Population(1k)","Female",2010,26.061
"Marshall Islands","Population(1k)","Female",2011,25.828
"Marshall Islands","Population(1k)","Female",2012,25.456
"Marshall Islands","Population(1k)","Female",2013,25.045
"Marshall Islands","Population(1k)","Female",2014,24.596
"Marshall Islands","Population(1k)","Female",2015,24.111
"Marshall Islands","Population(1k)","Female",2016,23.591
"Marshall Islands","Population(1k)","Female",2017,23.04
"Marshall Islands","Population(1k)","Female",2018,22.46
"Marshall Islands","Population(1k)","Female",2019,21.855
"Marshall Islands","Population(1k)","Female",2020,21.224
"Marshall Islands","Population(1k)","Female",2021,20.567
"Marshall Islands","Population(1k)","Female",2022,20.346
"Marshall Islands","Population(1k)","Female",2023,20.571
"Marshall Islands","Population(1k)","Male",1950,6.739
"Marshall Islands","Population(1k)","Male",1951,6.813
"Marshall Islands","Population(1k)","Male",1952,6.854
"Marshall Islands","Population(1k)","Male",1953,6.872
"Marshall Islands","Population(1k)","Male",1954,6.935
"Marshall Islands","Population(1k)","Male",1955,7.06
"Marshall Islands","Population(1k)","Male",1956,7.181
"Marshall Islands","Population(1k)","Male",1957,7.298
"Marshall Islands","Population(1k)","Male",1958,7.442
"Marshall Islands","Population(1k)","Male",1959,7.638
"Marshall Islands","Population(1k)","Male",1960,7.877
"Marshall Islands","Population(1k)","Male",1961,8.127
"Marshall Islands","Population(1k)","Male",1962,8.389
"Marshall Islands","Population(1k)","Male",1963,8.673
"Marshall Islands","Population(1k)","Male",1964,8.975
"Marshall Islands","Population(1k)","Male",1965,9.29
"Marshall Islands","Population(1k)","Male",1966,9.615
"Marshall Islands","Population(1k)","Male",1967,10.104
"Marshall Islands","Population(1k)","Male",1968,10.924
"Marshall Islands","Population(1k)","Male",1969,11.932
"Marshall Islands","Population(1k)","Male",1970,12.719
"Marshall Islands","Population(1k)","Male",1971,13.025
"Marshall Islands","Population(1k)","Male",1972,13.095
"Marshall Islands","Population(1k)","Male",1973,13.18
"Marshall Islands","Population(1k)","Male",1974,13.438
"Marshall Islands","Population(1k)","Male",1975,13.867
"Marshall Islands","Population(1k)","Male",1976,14.316
"Marshall Islands","Population(1k)","Male",1977,14.784
"Marshall Islands","Population(1k)","Male",1978,15.268
"Marshall Islands","Population(1k)","Male",1979,15.768
"Marshall Islands","Population(1k)","Male",1980,16.313
"Marshall Islands","Population(1k)","Male",1981,16.945
"Marshall Islands","Population(1k)","Male",1982,17.648
"Marshall Islands","Population(1k)","Male",1983,18.38
"Marshall Islands","Population(1k)","Male",1984,19.14
"Marshall Islands","Population(1k)","Male",1985,19.936
"Marshall Islands","Population(1k)","Male",1986,20.752
"Marshall Islands","Population(1k)","Male",1987,21.581
"Marshall Islands","Population(1k)","Male",1988,22.393
"Marshall Islands","Population(1k)","Male",1989,23.063
"Marshall Islands","Population(1k)","Male",1990,23.602
"Marshall Islands","Population(1k)","Male",1991,24.114
"Marshall Islands","Population(1k)","Male",1992,24.607
"Marshall Islands","Population(1k)","Male",1993,25.085
"Marshall Islands","Population(1k)","Male",1994,25.549
"Marshall Islands","Population(1k)","Male",1995,25.995
"Marshall Islands","Population(1k)","Male",1996,26.429
"Marshall Islands","Population(1k)","Male",1997,26.854
"Marshall Islands","Population(1k)","Male",1998,27.273
"Marshall Islands","Population(1k)","Male",1999,27.617
"Marshall Islands","Population(1k)","Male",2000,27.814
"Marshall Islands","Population(1k)","Male",2001,27.905
"Marshall Islands","Population(1k)","Male",2002,27.945
"Marshall Islands","Population(1k)","Male",2003,27.939
"Marshall Islands","Population(1k)","Male",2004,27.902
"Marshall Islands","Population(1k)","Male",2005,27.843
"Marshall Islands","Population(1k)","Male",2006,27.769
"Marshall Islands","Population(1k)","Male",2007,27.678
"Marshall Islands","Population(1k)","Male",2008,27.555
"Marshall Islands","Population(1k)","Male",2009,27.431
"Marshall Islands","Population(1k)","Male",2010,27.355
"Marshall Islands","Population(1k)","Male",2011,27.143
"Marshall Islands","Population(1k)","Male",2012,26.746
"Marshall Islands","Population(1k)","Male",2013,26.308
"Marshall Islands","Population(1k)","Male",2014,25.823
"Marshall Islands","Population(1k)","Male",2015,25.299
"Marshall Islands","Population(1k)","Male",2016,24.738
"Marshall Islands","Population(1k)","Male",2017,24.146
"Marshall Islands","Population(1k)","Male",2018,23.529
"Marshall Islands","Population(1k)","Male",2019,22.873
"Marshall Islands","Population(1k)","Male",2020,22.19
"Marshall Islands","Population(1k)","Male",2021,21.483
"Marshall Islands","Population(1k)","Male",2022,21.223
"Marshall Islands","Population(1k)","Male",2023,21.425
"Marshall Islands","LiteracyRate(>25)","Female",2011,67.5821228027344
"Marshall Islands","LiteracyRate(>25)","Male",2011,72.0010528564453
"Marshall Islands","NT_ANT_HAZ_AVG: Mean Height-for-age","Female",2017,-1.3
"Marshall Islands","NT_ANT_HAZ_AVG: Mean Height-for-age","Male",2017,-1.7
"Marshall Islands","Mean_WeightforHeight","Female",2017,0.2
"Marshall Islands","Mean_WeightforHeight","Male",2017,0.2
"Tonga","LifeExpectancy","Female",1950,56.3443
"Tonga","LifeExpectancy","Female",1951,56.6888
"Tonga","LifeExpectancy","Female",1952,57.1785
"Tonga","LifeExpectancy","Female",1953,57.6756
"Tonga","LifeExpectancy","Female",1954,58.2178
"Tonga","LifeExpectancy","Female",1955,58.6872
"Tonga","LifeExpectancy","Female",1956,59.1512
"Tonga","LifeExpectancy","Female",1957,59.6085
"Tonga","LifeExpectancy","Female",1958,60.0822
"Tonga","LifeExpectancy","Female",1959,60.5331
"Tonga","LifeExpectancy","Female",1960,60.9571
"Tonga","LifeExpectancy","Female",1961,61.3616
"Tonga","LifeExpectancy","Female",1962,61.9911
"Tonga","LifeExpectancy","Female",1963,62.5443
"Tonga","LifeExpectancy","Female",1964,63.1692
"Tonga","LifeExpectancy","Female",1965,63.8528
"Tonga","LifeExpectancy","Female",1966,64.5647
"Tonga","LifeExpectancy","Female",1967,65.2369
"Tonga","LifeExpectancy","Female",1968,65.8978
"Tonga","LifeExpectancy","Female",1969,66.5784
"Tonga","LifeExpectancy","Female",1970,67.2358
"Tonga","LifeExpectancy","Female",1971,67.8334
"Tonga","LifeExpectancy","Female",1972,68.2858
"Tonga","LifeExpectancy","Female",1973,68.588
"Tonga","LifeExpectancy","Female",1974,69.0031
"Tonga","LifeExpectancy","Female",1975,69.2396
"Tonga","LifeExpectancy","Female",1976,69.5323
"Tonga","LifeExpectancy","Female",1977,69.7326
"Tonga","LifeExpectancy","Female",1978,69.9587
"Tonga","LifeExpectancy","Female",1979,70.1259
"Tonga","LifeExpectancy","Female",1980,70.2687
"Tonga","LifeExpectancy","Female",1981,70.409
"Tonga","LifeExpectancy","Female",1982,70.2922
"Tonga","LifeExpectancy","Female",1983,70.6444
"Tonga","LifeExpectancy","Female",1984,70.7252
"Tonga","LifeExpectancy","Female",1985,70.814
"Tonga","LifeExpectancy","Female",1986,70.9192
"Tonga","LifeExpectancy","Female",1987,71.0211
"Tonga","LifeExpectancy","Female",1988,71.1553
"Tonga","LifeExpectancy","Female",1989,71.2573
"Tonga","LifeExpectancy","Female",1990,71.365
"Tonga","LifeExpectancy","Female",1991,71.621
"Tonga","LifeExpectancy","Female",1992,71.7818
"Tonga","LifeExpectancy","Female",1993,71.932
"Tonga","LifeExpectancy","Female",1994,72.0662
"Tonga","LifeExpectancy","Female",1995,72.2038
"Tonga","LifeExpectancy","Female",1996,72.3278
"Tonga","LifeExpectancy","Female",1997,72.4366
"Tonga","LifeExpectancy","Female",1998,72.5654
"Tonga","LifeExpectancy","Female",1999,72.668
"Tonga","LifeExpectancy","Female",2000,72.7603
"Tonga","LifeExpectancy","Female",2001,72.7949
"Tonga","LifeExpectancy","Female",2002,72.9365
"Tonga","LifeExpectancy","Female",2003,73.0214
"Tonga","LifeExpectancy","Female",2004,73.1131
"Tonga","LifeExpectancy","Female",2005,73.063
"Tonga","LifeExpectancy","Female",2006,73.1303
"Tonga","LifeExpectancy","Female",2007,73.2089
"Tonga","LifeExpectancy","Female",2008,73.2718
"Tonga","LifeExpectancy","Female",2009,73.0556
"Tonga","LifeExpectancy","Female",2010,73.3806
"Tonga","LifeExpectancy","Female",2011,73.424
"Tonga","LifeExpectancy","Female",2012,73.4541
"Tonga","LifeExpectancy","Female",2013,73.4852
"Tonga","LifeExpectancy","Female",2014,73.4887
"Tonga","LifeExpectancy","Female",2015,73.5283
"Tonga","LifeExpectancy","Female",2016,73.5612
"Tonga","LifeExpectancy","Female",2017,73.5796
"Tonga","LifeExpectancy","Female",2018,73.614
"Tonga","LifeExpectancy","Female",2019,73.6695
"Tonga","LifeExpectancy","Female",2020,73.6975
"Tonga","LifeExpectancy","Female",2021,73.719
"Tonga","LifeExpectancy","Female",2022,74.1234
"Tonga","LifeExpectancy","Female",2023,74.2848
"Tonga","LifeExpectancy","Male",1950,52.0098
"Tonga","LifeExpectancy","Male",1951,52.3374
"Tonga","LifeExpectancy","Male",1952,52.774
"Tonga","LifeExpectancy","Male",1953,53.2114
"Tonga","LifeExpectancy","Male",1954,53.6223
"Tonga","LifeExpectancy","Male",1955,54.0189
"Tonga","LifeExpectancy","Male",1956,54.3982
"Tonga","LifeExpectancy","Male",1957,54.7816
"Tonga","LifeExpectancy","Male",1958,55.1444
"Tonga","LifeExpectancy","Male",1959,55.4961
"Tonga","LifeExpectancy","Male",1960,55.8659
"Tonga","LifeExpectancy","Male",1961,56.198
"Tonga","LifeExpectancy","Male",1962,56.6024
"Tonga","LifeExpectancy","Male",1963,57.0104
"Tonga","LifeExpectancy","Male",1964,57.4297
"Tonga","LifeExpectancy","Male",1965,57.8464
"Tonga","LifeExpectancy","Male",1966,58.2873
"Tonga","LifeExpectancy","Male",1967,58.7254
"Tonga","LifeExpectancy","Male",1968,59.1567
"Tonga","LifeExpectancy","Male",1969,59.6209
"Tonga","LifeExpectancy","Male",1970,60.0035
"Tonga","LifeExpectancy","Male",1971,60.3163
"Tonga","LifeExpectancy","Male",1972,60.5492
"Tonga","LifeExpectancy","Male",1973,60.7747
"Tonga","LifeExpectancy","Male",1974,61.0797
"Tonga","LifeExpectancy","Male",1975,61.334
"Tonga","LifeExpectancy","Male",1976,61.6065
"Tonga","LifeExpectancy","Male",1977,61.7641
"Tonga","LifeExpectancy","Male",1978,62.0583
"Tonga","LifeExpectancy","Male",1979,62.2739
"Tonga","LifeExpectancy","Male",1980,62.4653
"Tonga","LifeExpectancy","Male",1981,62.6445
"Tonga","LifeExpectancy","Male",1982,62.6157
"Tonga","LifeExpectancy","Male",1983,62.8545
"Tonga","LifeExpectancy","Male",1984,62.9728
"Tonga","LifeExpectancy","Male",1985,63.1363
"Tonga","LifeExpectancy","Male",1986,63.2574
"Tonga","LifeExpectancy","Male",1987,63.3902
"Tonga","LifeExpectancy","Male",1988,63.5332
"Tonga","LifeExpectancy","Male",1989,63.6879
"Tonga","LifeExpectancy","Male",1990,63.8353
"Tonga","LifeExpectancy","Male",1991,64.0333
"Tonga","LifeExpectancy","Male",1992,64.2081
"Tonga","LifeExpectancy","Male",1993,64.3899
"Tonga","LifeExpectancy","Male",1994,64.5688
"Tonga","LifeExpectancy","Male",1995,64.7405
"Tonga","LifeExpectancy","Male",1996,64.9203
"Tonga","LifeExpectancy","Male",1997,65.1345
"Tonga","LifeExpectancy","Male",1998,65.2882
"Tonga","LifeExpectancy","Male",1999,65.4861
"Tonga","LifeExpectancy","Male",2000,65.7
"Tonga","LifeExpectancy","Male",2001,65.9241
"Tonga","LifeExpectancy","Male",2002,66.1756
"Tonga","LifeExpectancy","Male",2003,66.3879
"Tonga","LifeExpectancy","Male",2004,66.6251
"Tonga","LifeExpectancy","Male",2005,66.8364
"Tonga","LifeExpectancy","Male",2006,67.0135
"Tonga","LifeExpectancy","Male",2007,67.2328
"Tonga","LifeExpectancy","Male",2008,67.3819
"Tonga","LifeExpectancy","Male",2009,67.2768
"Tonga","LifeExpectancy","Male",2010,67.5675
"Tonga","LifeExpectancy","Male",2011,67.6304
"Tonga","LifeExpectancy","Male",2012,67.7085
"Tonga","LifeExpectancy","Male",2013,67.7899
"Tonga","LifeExpectancy","Male",2014,67.8443
"Tonga","LifeExpectancy","Male",2015,67.9251
"Tonga","LifeExpectancy","Male",2016,67.9914
"Tonga","LifeExpectancy","Male",2017,68.0648
"Tonga","LifeExpectancy","Male",2018,68.1491
"Tonga","LifeExpectancy","Male",2019,68.2651
"Tonga","LifeExpectancy","Male",2020,68.3367
"Tonga","LifeExpectancy","Male",2021,68.4164
"Tonga","LifeExpectancy","Male",2022,68.5813
"Tonga","LifeExpectancy","Male",2023,68.6846
"Tonga","PopulationGrowthRate","Female",2000,0.248350033039705
"Tonga","PopulationGrowthRate","Female",2020,0.721719885270458
"Tonga","PopulationGrowthRate","Male",2000,-0.00456843203064179
"Tonga","PopulationGrowthRate","Male",2020,0.749616589934965
"Tonga","Population(1k)","Female",1950,24.372
"Tonga","Population(1k)","Female",1951,25.085
"Tonga","Population(1k)","Female",1952,25.843
"Tonga","Population(1k)","Female",1953,26.646
"Tonga","Population(1k)","Female",1954,27.493
"Tonga","Population(1k)","Female",1955,28.387
"Tonga","Population(1k)","Female",1956,29.326
"Tonga","Population(1k)","Female",1957,30.227
"Tonga","Population(1k)","Female",1958,31.078
"Tonga","Population(1k)","Female",1959,31.957
"Tonga","Population(1k)","Female",1960,32.864
"Tonga","Population(1k)","Female",1961,33.787
"Tonga","Population(1k)","Female",1962,34.725
"Tonga","Population(1k)","Female",1963,35.694
"Tonga","Population(1k)","Female",1964,36.685
"Tonga","Population(1k)","Female",1965,37.695
"Tonga","Population(1k)","Female",1966,38.681
"Tonga","Population(1k)","Female",1967,39.61
"Tonga","Population(1k)","Female",1968,40.468
"Tonga","Population(1k)","Female",1969,41.266
"Tonga","Population(1k)","Female",1970,42.025
"Tonga","Population(1k)","Female",1971,42.752
"Tonga","Population(1k)","Female",1972,43.461
"Tonga","Population(1k)","Female",1973,44.153
"Tonga","Population(1k)","Female",1974,44.852
"Tonga","Population(1k)","Female",1975,45.562
"Tonga","Population(1k)","Female",1976,46.265
"Tonga","Population(1k)","Female",1977,46.755
"Tonga","Population(1k)","Female",1978,47.01
"Tonga","Population(1k)","Female",1979,47.215
"Tonga","Population(1k)","Female",1980,47.382
"Tonga","Population(1k)","Female",1981,47.517
"Tonga","Population(1k)","Female",1982,47.63
"Tonga","Population(1k)","Female",1983,47.732
"Tonga","Population(1k)","Female",1984,47.829
"Tonga","Population(1k)","Female",1985,47.917
"Tonga","Population(1k)","Female",1986,47.997
"Tonga","Population(1k)","Female",1987,48.172
"Tonga","Population(1k)","Female",1988,48.416
"Tonga","Population(1k)","Female",1989,48.599
"Tonga","Population(1k)","Female",1990,48.727
"Tonga","Population(1k)","Female",1991,48.818
"Tonga","Population(1k)","Female",1992,48.89
"Tonga","Population(1k)","Female",1993,48.954
"Tonga","Population(1k)","Female",1994,49.033
"Tonga","Population(1k)","Female",1995,49.124
"Tonga","Population(1k)","Female",1996,49.2
"Tonga","Population(1k)","Female",1997,49.43
"Tonga","Population(1k)","Female",1998,49.797
"Tonga","Population(1k)","Female",1999,50.133
"Tonga","Population(1k)","Female",2000,50.46
"Tonga","Population(1k)","Female",2001,50.782
"Tonga","Population(1k)","Female",2002,51.093
"Tonga","Population(1k)","Female",2003,51.398
"Tonga","Population(1k)","Female",2004,51.713
"Tonga","Population(1k)","Female",2005,52.015
"Tonga","Population(1k)","Female",2006,52.297
"Tonga","Population(1k)","Female",2007,52.584
"Tonga","Population(1k)","Female",2008,52.863
"Tonga","Population(1k)","Female",2009,53.093
"Tonga","Population(1k)","Female",2010,53.313
"Tonga","Population(1k)","Female",2011,53.53
"Tonga","Population(1k)","Female",2012,53.58
"Tonga","Population(1k)","Female",2013,53.482
"Tonga","Population(1k)","Female",2014,53.359
"Tonga","Population(1k)","Female",2015,53.207
"Tonga","Population(1k)","Female",2016,53.093
"Tonga","Population(1k)","Female",2017,53.032
"Tonga","Population(1k)","Female",2018,52.981
"Tonga","Population(1k)","Female",2019,52.956
"Tonga","Population(1k)","Female",2020,53.161
"Tonga","Population(1k)","Female",2021,53.578
"Tonga","Population(1k)","Female",2022,54.01
"Tonga","Population(1k)","Female",2023,54.456
"Tonga","Population(1k)","Male",1950,25.457
"Tonga","Population(1k)","Male",1951,26.203
"Tonga","Population(1k)","Male",1952,26.994
"Tonga","Population(1k)","Male",1953,27.828
"Tonga","Population(1k)","Male",1954,28.707
"Tonga","Population(1k)","Male",1955,29.637
"Tonga","Population(1k)","Male",1956,30.617
"Tonga","Population(1k)","Male",1957,31.591
"Tonga","Population(1k)","Male",1958,32.547
"Tonga","Population(1k)","Male",1959,33.54
"Tonga","Population(1k)","Male",1960,34.564
"Tonga","Population(1k)","Male",1961,35.604
"Tonga","Population(1k)","Male",1962,36.663
"Tonga","Population(1k)","Male",1963,37.747
"Tonga","Population(1k)","Male",1964,38.859
"Tonga","Population(1k)","Male",1965,39.992
"Tonga","Population(1k)","Male",1966,41.112
"Tonga","Population(1k)","Male",1967,42.115
"Tonga","Population(1k)","Male",1968,42.962
"Tonga","Population(1k)","Male",1969,43.731
"Tonga","Population(1k)","Male",1970,44.459
"Tonga","Population(1k)","Male",1971,45.152
"Tonga","Population(1k)","Male",1972,45.815
"Tonga","Population(1k)","Male",1973,46.458
"Tonga","Population(1k)","Male",1974,47.156
"Tonga","Population(1k)","Male",1975,47.914
"Tonga","Population(1k)","Male",1976,48.656
"Tonga","Population(1k)","Male",1977,49.092
"Tonga","Population(1k)","Male",1978,49.217
"Tonga","Population(1k)","Male",1979,49.291
"Tonga","Population(1k)","Male",1980,49.327
"Tonga","Population(1k)","Male",1981,49.328
"Tonga","Population(1k)","Male",1982,49.3
"Tonga","Population(1k)","Male",1983,49.249
"Tonga","Population(1k)","Male",1984,49.194
"Tonga","Population(1k)","Male",1985,49.138
"Tonga","Population(1k)","Male",1986,49.081
"Tonga","Population(1k)","Male",1987,49.22
"Tonga","Population(1k)","Male",1988,49.523
"Tonga","Population(1k)","Male",1989,49.78
"Tonga","Population(1k)","Male",1990,49.999
"Tonga","Population(1k)","Male",1991,50.191
"Tonga","Population(1k)","Male",1992,50.37
"Tonga","Population(1k)","Male",1993,50.538
"Tonga","Population(1k)","Male",1994,50.698
"Tonga","Population(1k)","Male",1995,50.852
"Tonga","Population(1k)","Male",1996,50.995
"Tonga","Population(1k)","Male",1997,51.228
"Tonga","Population(1k)","Male",1998,51.547
"Tonga","Population(1k)","Male",1999,51.849
"Tonga","Population(1k)","Male",2000,52.142
"Tonga","Population(1k)","Male",2001,52.427
"Tonga","Population(1k)","Male",2002,52.712
"Tonga","Population(1k)","Male",2003,53.013
"Tonga","Population(1k)","Male",2004,53.323
"Tonga","Population(1k)","Male",2005,53.618
"Tonga","Population(1k)","Male",2006,53.893
"Tonga","Population(1k)","Male",2007,54.053
"Tonga","Population(1k)","Male",2008,54.069
"Tonga","Population(1k)","Male",2009,54.051
"Tonga","Population(1k)","Male",2010,54.07
"Tonga","Population(1k)","Male",2011,54.081
"Tonga","Population(1k)","Male",2012,53.922
"Tonga","Population(1k)","Male",2013,53.607
"Tonga","Population(1k)","Male",2014,53.267
"Tonga","Population(1k)","Male",2015,52.915
"Tonga","Population(1k)","Male",2016,52.614
"Tonga","Population(1k)","Male",2017,52.383
"Tonga","Population(1k)","Male",2018,52.169
"Tonga","Population(1k)","Male",2019,51.994
"Tonga","Population(1k)","Male",2020,52.093
"Tonga","Population(1k)","Male",2021,52.44
"Tonga","Population(1k)","Male",2022,52.848
"Tonga","Population(1k)","Male",2023,53.317
"Tonga","LiteracyRate(15-24)","Female",2018,99.53978
"Tonga","LiteracyRate(15-24)","Male",2018,99.34871
"Tonga","LiteracyRate(>25)","Female",2011,55.1156196594238
"Tonga","LiteracyRate(>25)","Male",2011,53.0735206604004
"Tonga","GN_UNMPLY: Labour force unemployment rate","Female",2019,3.6
"Tonga","GN_UNMPLY: Labour force unemployment rate","Male",2019,2.6
"Tonga","NT_ANT_HAZ_AVG: Mean Height-for-age","Female",2012,0.5
"Tonga","NT_ANT_HAZ_AVG: Mean Height-for-age","Female",2019,0.3
"Tonga","NT_ANT_HAZ_AVG: Mean Height-for-age","Male",2012,0.4
"Tonga","NT_ANT_HAZ_AVG: Mean Height-for-age","Male",2019,0.3
"Tonga","Mean_WeightforHeight","Female",2012,0.5
"Tonga","Mean_WeightforHeight","Female",2019,0.8
"Tonga","Mean_WeightforHeight","Male",2012,0.7
"Tonga","Mean_WeightforHeight","Male",2019,0.9
"Tonga","EconomicTime","Female",2019,3.1
"Tonga","EconomicTime","Male",2019,5
"Tuvalu","LifeExpectancy","Female",1950,35.9313
"Tuvalu","LifeExpectancy","Female",1951,36.6037
"Tuvalu","LifeExpectancy","Female",1952,37.5755
"Tuvalu","LifeExpectancy","Female",1953,38.5177
"Tuvalu","LifeExpectancy","Female",1954,39.4993
"Tuvalu","LifeExpectancy","Female",1955,40.674
"Tuvalu","LifeExpectancy","Female",1956,41.8475
"Tuvalu","LifeExpectancy","Female",1957,43.0168
"Tuvalu","LifeExpectancy","Female",1958,44.2067
"Tuvalu","LifeExpectancy","Female",1959,45.3828
"Tuvalu","LifeExpectancy","Female",1960,46.5558
"Tuvalu","LifeExpectancy","Female",1961,47.6052
"Tuvalu","LifeExpectancy","Female",1962,48.7339
"Tuvalu","LifeExpectancy","Female",1963,49.7359
"Tuvalu","LifeExpectancy","Female",1964,50.7744
"Tuvalu","LifeExpectancy","Female",1965,51.7544
"Tuvalu","LifeExpectancy","Female",1966,52.7225
"Tuvalu","LifeExpectancy","Female",1967,53.7233
"Tuvalu","LifeExpectancy","Female",1968,54.6327
"Tuvalu","LifeExpectancy","Female",1969,55.5173
"Tuvalu","LifeExpectancy","Female",1970,56.3514
"Tuvalu","LifeExpectancy","Female",1971,57.2423
"Tuvalu","LifeExpectancy","Female",1972,55.6087
"Tuvalu","LifeExpectancy","Female",1973,59.0226
"Tuvalu","LifeExpectancy","Female",1974,59.9609
"Tuvalu","LifeExpectancy","Female",1975,60.6014
"Tuvalu","LifeExpectancy","Female",1976,61.3573
"Tuvalu","LifeExpectancy","Female",1977,61.9777
"Tuvalu","LifeExpectancy","Female",1978,62.5476
"Tuvalu","LifeExpectancy","Female",1979,62.9923
"Tuvalu","LifeExpectancy","Female",1980,63.4082
"Tuvalu","LifeExpectancy","Female",1981,63.7857
"Tuvalu","LifeExpectancy","Female",1982,64.0526
"Tuvalu","LifeExpectancy","Female",1983,64.2456
"Tuvalu","LifeExpectancy","Female",1984,64.3889
"Tuvalu","LifeExpectancy","Female",1985,64.4732
"Tuvalu","LifeExpectancy","Female",1986,64.4732
"Tuvalu","LifeExpectancy","Female",1987,64.3999
"Tuvalu","LifeExpectancy","Female",1988,64.3686
"Tuvalu","LifeExpectancy","Female",1989,64.3613
"Tuvalu","LifeExpectancy","Female",1990,64.3663
"Tuvalu","LifeExpectancy","Female",1991,64.4887
"Tuvalu","LifeExpectancy","Female",1992,62.7462
"Tuvalu","LifeExpectancy","Female",1993,64.8843
"Tuvalu","LifeExpectancy","Female",1994,65.0505
"Tuvalu","LifeExpectancy","Female",1995,65.1388
"Tuvalu","LifeExpectancy","Female",1996,65.2204
"Tuvalu","LifeExpectancy","Female",1997,65.3219
"Tuvalu","LifeExpectancy","Female",1998,65.4056
"Tuvalu","LifeExpectancy","Female",1999,65.4186
"Tuvalu","LifeExpectancy","Female",2000,65.5749
"Tuvalu","LifeExpectancy","Female",2001,65.723
"Tuvalu","LifeExpectancy","Female",2002,65.9155
"Tuvalu","LifeExpectancy","Female",2003,66.1106
"Tuvalu","LifeExpectancy","Female",2004,66.3269
"Tuvalu","LifeExpectancy","Female",2005,66.7113
"Tuvalu","LifeExpectancy","Female",2006,67.0152
"Tuvalu","LifeExpectancy","Female",2007,67.2307
"Tuvalu","LifeExpectancy","Female",2008,67.4731
"Tuvalu","LifeExpectancy","Female",2009,67.5972
"Tuvalu","LifeExpectancy","Female",2010,67.7198
"Tuvalu","LifeExpectancy","Female",2011,67.8214
"Tuvalu","LifeExpectancy","Female",2012,67.9036
"Tuvalu","LifeExpectancy","Female",2013,68.0703
"Tuvalu","LifeExpectancy","Female",2014,68.1878
"Tuvalu","LifeExpectancy","Female",2015,68.3245
"Tuvalu","LifeExpectancy","Female",2016,68.479
"Tuvalu","LifeExpectancy","Female",2017,68.6044
"Tuvalu","LifeExpectancy","Female",2018,68.7337
"Tuvalu","LifeExpectancy","Female",2019,68.8503
"Tuvalu","LifeExpectancy","Female",2020,68.9781
"Tuvalu","LifeExpectancy","Female",2021,69.1378
"Tuvalu","LifeExpectancy","Female",2022,69.3905
"Tuvalu","LifeExpectancy","Female",2023,69.5728
"Tuvalu","LifeExpectancy","Male",1950,37.8485
"Tuvalu","LifeExpectancy","Male",1951,38.3569
"Tuvalu","LifeExpectancy","Male",1952,39.1344
"Tuvalu","LifeExpectancy","Male",1953,39.9116
"Tuvalu","LifeExpectancy","Male",1954,40.728
"Tuvalu","LifeExpectancy","Male",1955,41.6987
"Tuvalu","LifeExpectancy","Male",1956,42.6274
"Tuvalu","LifeExpectancy","Male",1957,43.6047
"Tuvalu","LifeExpectancy","Male",1958,44.504
"Tuvalu","LifeExpectancy","Male",1959,45.454
"Tuvalu","LifeExpectancy","Male",1960,46.3246
"Tuvalu","LifeExpectancy","Male",1961,47.1596
"Tuvalu","LifeExpectancy","Male",1962,47.9453
"Tuvalu","LifeExpectancy","Male",1963,48.7061
"Tuvalu","LifeExpectancy","Male",1964,49.4593
"Tuvalu","LifeExpectancy","Male",1965,50.192
"Tuvalu","LifeExpectancy","Male",1966,50.8969
"Tuvalu","LifeExpectancy","Male",1967,51.3971
"Tuvalu","LifeExpectancy","Male",1968,52.049
"Tuvalu","LifeExpectancy","Male",1969,52.6648
"Tuvalu","LifeExpectancy","Male",1970,53.2694
"Tuvalu","LifeExpectancy","Male",1971,53.8727
"Tuvalu","LifeExpectancy","Male",1972,52.8579
"Tuvalu","LifeExpectancy","Male",1973,55.0101
"Tuvalu","LifeExpectancy","Male",1974,55.5479
"Tuvalu","LifeExpectancy","Male",1975,56.0596
"Tuvalu","LifeExpectancy","Male",1976,56.5342
"Tuvalu","LifeExpectancy","Male",1977,56.9294
"Tuvalu","LifeExpectancy","Male",1978,57.2877
"Tuvalu","LifeExpectancy","Male",1979,57.5925
"Tuvalu","LifeExpectancy","Male",1980,57.8302
"Tuvalu","LifeExpectancy","Male",1981,58.0249
"Tuvalu","LifeExpectancy","Male",1982,58.17
"Tuvalu","LifeExpectancy","Male",1983,58.279
"Tuvalu","LifeExpectancy","Male",1984,58.3429
"Tuvalu","LifeExpectancy","Male",1985,58.4096
"Tuvalu","LifeExpectancy","Male",1986,58.3661
"Tuvalu","LifeExpectancy","Male",1987,58.2543
"Tuvalu","LifeExpectancy","Male",1988,58.2842
"Tuvalu","LifeExpectancy","Male",1989,58.5078
"Tuvalu","LifeExpectancy","Male",1990,58.7778
"Tuvalu","LifeExpectancy","Male",1991,59.1601
"Tuvalu","LifeExpectancy","Male",1992,58.0828
"Tuvalu","LifeExpectancy","Male",1993,60.258
"Tuvalu","LifeExpectancy","Male",1994,60.6358
"Tuvalu","LifeExpectancy","Male",1995,60.8983
"Tuvalu","LifeExpectancy","Male",1996,61.0476
"Tuvalu","LifeExpectancy","Male",1997,61.2421
"Tuvalu","LifeExpectancy","Male",1998,61.291
"Tuvalu","LifeExpectancy","Male",1999,61.3024
"Tuvalu","LifeExpectancy","Male",2000,61.3084
"Tuvalu","LifeExpectancy","Male",2001,61.2753
"Tuvalu","LifeExpectancy","Male",2002,61.199
"Tuvalu","LifeExpectancy","Male",2003,61.1444
"Tuvalu","LifeExpectancy","Male",2004,61.0866
"Tuvalu","LifeExpectancy","Male",2005,61.042
"Tuvalu","LifeExpectancy","Male",2006,60.9784
"Tuvalu","LifeExpectancy","Male",2007,60.8326
"Tuvalu","LifeExpectancy","Male",2008,60.6941
"Tuvalu","LifeExpectancy","Male",2009,60.6226
"Tuvalu","LifeExpectancy","Male",2010,60.6066
"Tuvalu","LifeExpectancy","Male",2011,60.5513
"Tuvalu","LifeExpectancy","Male",2012,60.504
"Tuvalu","LifeExpectancy","Male",2013,60.4912
"Tuvalu","LifeExpectancy","Male",2014,60.4777
"Tuvalu","LifeExpectancy","Male",2015,60.481
"Tuvalu","LifeExpectancy","Male",2016,60.495
"Tuvalu","LifeExpectancy","Male",2017,60.5173
"Tuvalu","LifeExpectancy","Male",2018,60.57
"Tuvalu","LifeExpectancy","Male",2019,60.5923
"Tuvalu","LifeExpectancy","Male",2020,60.6698
"Tuvalu","LifeExpectancy","Male",2021,60.8155
"Tuvalu","LifeExpectancy","Male",2022,61.1363
"Tuvalu","LifeExpectancy","Male",2023,61.3172
"Tuvalu","PopulationGrowthRate","Female",2000,0.463716742829181
"Tuvalu","PopulationGrowthRate","Female",2020,0.795034529137471
"Tuvalu","PopulationGrowthRate","Male",2000,0.850858815116157
"Tuvalu","PopulationGrowthRate","Male",2020,0.552820890326589
"Tuvalu","Population(1k)","Female",1950,2.437
"Tuvalu","Population(1k)","Female",1951,2.493
"Tuvalu","Population(1k)","Female",1952,2.54
"Tuvalu","Population(1k)","Female",1953,2.583
"Tuvalu","Population(1k)","Female",1954,2.617
"Tuvalu","Population(1k)","Female",1955,2.643
"Tuvalu","Population(1k)","Female",1956,2.67
"Tuvalu","Population(1k)","Female",1957,2.697
"Tuvalu","Population(1k)","Female",1958,2.724
"Tuvalu","Population(1k)","Female",1959,2.746
"Tuvalu","Population(1k)","Female",1960,2.769
"Tuvalu","Population(1k)","Female",1961,2.791
"Tuvalu","Population(1k)","Female",1962,2.804
"Tuvalu","Population(1k)","Female",1963,2.813
"Tuvalu","Population(1k)","Female",1964,2.84
"Tuvalu","Population(1k)","Female",1965,2.886
"Tuvalu","Population(1k)","Female",1966,2.942
"Tuvalu","Population(1k)","Female",1967,3.009
"Tuvalu","Population(1k)","Female",1968,3.074
"Tuvalu","Population(1k)","Female",1969,3.112
"Tuvalu","Population(1k)","Female",1970,3.132
"Tuvalu","Population(1k)","Female",1971,3.155
"Tuvalu","Population(1k)","Female",1972,3.173
"Tuvalu","Population(1k)","Female",1973,3.195
"Tuvalu","Population(1k)","Female",1974,3.283
"Tuvalu","Population(1k)","Female",1975,3.434
"Tuvalu","Population(1k)","Female",1976,3.595
"Tuvalu","Population(1k)","Female",1977,3.759
"Tuvalu","Population(1k)","Female",1978,3.92
"Tuvalu","Population(1k)","Female",1979,4.049
"Tuvalu","Population(1k)","Female",1980,4.138
"Tuvalu","Population(1k)","Female",1981,4.213
"Tuvalu","Population(1k)","Female",1982,4.262
"Tuvalu","Population(1k)","Female",1983,4.298
"Tuvalu","Population(1k)","Female",1984,4.336
"Tuvalu","Population(1k)","Female",1985,4.393
"Tuvalu","Population(1k)","Female",1986,4.465
"Tuvalu","Population(1k)","Female",1987,4.54
"Tuvalu","Population(1k)","Female",1988,4.622
"Tuvalu","Population(1k)","Female",1989,4.699
"Tuvalu","Population(1k)","Female",1990,4.773
"Tuvalu","Population(1k)","Female",1991,4.848
"Tuvalu","Population(1k)","Female",1992,4.894
"Tuvalu","Population(1k)","Female",1993,4.905
"Tuvalu","Population(1k)","Female",1994,4.911
"Tuvalu","Population(1k)","Female",1995,4.912
"Tuvalu","Population(1k)","Female",1996,4.91
"Tuvalu","Population(1k)","Female",1997,4.907
"Tuvalu","Population(1k)","Female",1998,4.896
"Tuvalu","Population(1k)","Female",1999,4.885
"Tuvalu","Population(1k)","Female",2000,4.869
"Tuvalu","Population(1k)","Female",2001,4.845
"Tuvalu","Population(1k)","Female",2002,4.822
"Tuvalu","Population(1k)","Female",2003,4.835
"Tuvalu","Population(1k)","Female",2004,4.878
"Tuvalu","Population(1k)","Female",2005,4.921
"Tuvalu","Population(1k)","Female",2006,4.965
"Tuvalu","Population(1k)","Female",2007,5.006
"Tuvalu","Population(1k)","Female",2008,5.045
"Tuvalu","Population(1k)","Female",2009,5.093
"Tuvalu","Population(1k)","Female",2010,5.146
"Tuvalu","Population(1k)","Female",2011,5.202
"Tuvalu","Population(1k)","Female",2012,5.26
"Tuvalu","Population(1k)","Female",2013,5.28
"Tuvalu","Population(1k)","Female",2014,5.272
"Tuvalu","Population(1k)","Female",2015,5.261
"Tuvalu","Population(1k)","Female",2016,5.244
"Tuvalu","Population(1k)","Female",2017,5.23
"Tuvalu","Population(1k)","Female",2018,5.252
"Tuvalu","Population(1k)","Female",2019,5.301
"Tuvalu","Population(1k)","Female",2020,5.367
"Tuvalu","Population(1k)","Female",2021,5.449
"Tuvalu","Population(1k)","Female",2022,5.513
"Tuvalu","Population(1k)","Female",2023,5.561
"Tuvalu","Population(1k)","Male",1950,2.296
"Tuvalu","Population(1k)","Male",1951,2.366
"Tuvalu","Population(1k)","Male",1952,2.426
"Tuvalu","Population(1k)","Male",1953,2.479
"Tuvalu","Population(1k)","Male",1954,2.518
"Tuvalu","Population(1k)","Male",1955,2.552
"Tuvalu","Population(1k)","Male",1956,2.578
"Tuvalu","Population(1k)","Male",1957,2.591
"Tuvalu","Population(1k)","Male",1958,2.605
"Tuvalu","Population(1k)","Male",1959,2.623
"Tuvalu","Population(1k)","Male",1960,2.635
"Tuvalu","Population(1k)","Male",1961,2.646
"Tuvalu","Population(1k)","Male",1962,2.667
"Tuvalu","Population(1k)","Male",1963,2.691
"Tuvalu","Population(1k)","Male",1964,2.686
"Tuvalu","Population(1k)","Male",1965,2.662
"Tuvalu","Population(1k)","Male",1966,2.649
"Tuvalu","Population(1k)","Male",1967,2.648
"Tuvalu","Population(1k)","Male",1968,2.655
"Tuvalu","Population(1k)","Male",1969,2.667
"Tuvalu","Population(1k)","Male",1970,2.681
"Tuvalu","Population(1k)","Male",1971,2.7
"Tuvalu","Population(1k)","Male",1972,2.719
"Tuvalu","Population(1k)","Male",1973,2.739
"Tuvalu","Population(1k)","Male",1974,2.817
"Tuvalu","Population(1k)","Male",1975,2.947
"Tuvalu","Population(1k)","Male",1976,3.082
"Tuvalu","Population(1k)","Male",1977,3.225
"Tuvalu","Population(1k)","Male",1978,3.377
"Tuvalu","Population(1k)","Male",1979,3.503
"Tuvalu","Population(1k)","Male",1980,3.592
"Tuvalu","Population(1k)","Male",1981,3.662
"Tuvalu","Population(1k)","Male",1982,3.731
"Tuvalu","Population(1k)","Male",1983,3.801
"Tuvalu","Population(1k)","Male",1984,3.861
"Tuvalu","Population(1k)","Male",1985,3.937
"Tuvalu","Population(1k)","Male",1986,4.031
"Tuvalu","Population(1k)","Male",1987,4.125
"Tuvalu","Population(1k)","Male",1988,4.223
"Tuvalu","Population(1k)","Male",1989,4.317
"Tuvalu","Population(1k)","Male",1990,4.41
"Tuvalu","Population(1k)","Male",1991,4.505
"Tuvalu","Population(1k)","Male",1992,4.572
"Tuvalu","Population(1k)","Male",1993,4.612
"Tuvalu","Population(1k)","Male",1994,4.648
"Tuvalu","Population(1k)","Male",1995,4.673
"Tuvalu","Population(1k)","Male",1996,4.7
"Tuvalu","Population(1k)","Male",1997,4.723
"Tuvalu","Population(1k)","Male",1998,4.737
"Tuvalu","Population(1k)","Male",1999,4.755
"Tuvalu","Population(1k)","Male",2000,4.769
"Tuvalu","Population(1k)","Male",2001,4.777
"Tuvalu","Population(1k)","Male",2002,4.787
"Tuvalu","Population(1k)","Male",2003,4.833
"Tuvalu","Population(1k)","Male",2004,4.913
"Tuvalu","Population(1k)","Male",2005,4.991
"Tuvalu","Population(1k)","Male",2006,5.066
"Tuvalu","Population(1k)","Male",2007,5.143
"Tuvalu","Population(1k)","Male",2008,5.227
"Tuvalu","Population(1k)","Male",2009,5.314
"Tuvalu","Population(1k)","Male",2010,5.404
"Tuvalu","Population(1k)","Male",2011,5.498
"Tuvalu","Population(1k)","Male",2012,5.595
"Tuvalu","Population(1k)","Male",2013,5.638
"Tuvalu","Population(1k)","Male",2014,5.627
"Tuvalu","Population(1k)","Male",2015,5.617
"Tuvalu","Population(1k)","Male",2016,5.609
"Tuvalu","Population(1k)","Male",2017,5.598
"Tuvalu","Population(1k)","Male",2018,5.613
"Tuvalu","Population(1k)","Male",2019,5.654
"Tuvalu","Population(1k)","Male",2020,5.702
"Tuvalu","Population(1k)","Male",2021,5.755
"Tuvalu","Population(1k)","Male",2022,5.799
"Tuvalu","Population(1k)","Male",2023,5.835
"Tuvalu","NT_ANT_HAZ_AVG: Mean Height-for-age","Female",2007,0.3
"Tuvalu","NT_ANT_HAZ_AVG: Mean Height-for-age","Female",2019,0
"Tuvalu","NT_ANT_HAZ_AVG: Mean Height-for-age","Male",2007,0.2
"Tuvalu","NT_ANT_HAZ_AVG: Mean Height-for-age","Male",2019,-0.1
"Tuvalu","Mean_WeightforHeight","Female",2007,0.3
"Tuvalu","Mean_WeightforHeight","Female",2019,0.3
"Tuvalu","Mean_WeightforHeight","Male",2007,0.2
"Tuvalu","Mean_WeightforHeight","Male",2019,0.3
"Tuvalu","EconomicTime","Female",2020,0.8
"Tuvalu","EconomicTime","Male",2020,0.6
